StartDate,JobNum,PartNum,OpDesc,OprSeq,ProdStandard,TotalLaborHours,ProdQty,LaborHoursPerUnit,TotalProdStandard
2023-08-21,426125,PRO165LM-0310-ES18837-25,CMP-Direct-Drive Linear Stages,11,7.5,14.87,1.0,14.87,7.5
2023-08-21,426124,PRO165LM-0310-ES18837-15,CMP-Direct-Drive Linear Stages,11,7.5,14.08,1.0,14.08,7.5
2024-02-08,459611,PRO165LM-0310-ES18837-15,CMP-Direct-Drive Linear Stages,11,7.5,12.93,1.0,12.93,7.5
2024-02-08,459612,PRO165LM-0310-ES18837-25,CMP-Direct-Drive Linear Stages,11,7.5,9.440000000000001,1.0,9.440000000000001,7.5
2024-02-19,459615,PRO165LM-0310-ES18837-15,CMP-Direct-Drive Linear Stages,11,7.5,7.67,1.0,7.67,7.5
2024-02-19,459614,PRO165LM-0310-ES18837-25,CMP-Direct-Drive Linear Stages,11,7.5,16.250000000000004,1.0,16.250000000000004,7.5
2024-02-21,459653,PRO165LM-0310-ES18837-15,CMP-Direct-Drive Linear Stages,11,7.5,14.879999999999997,1.0,14.879999999999997,7.5
2024-02-21,459620,PRO165LM-0310-ES18837-25,CMP-Direct-Drive Linear Stages,11,7.5,10.1,1.0,10.1,7.5
2024-02-21,459652,PRO165LM-0310-ES18837-25,CMP-Direct-Drive Linear Stages,11,7.5,10.4,1.0,10.4,7.5
2024-02-22,459619,PRO165LM-0310-ES18837-15,CMP-Direct-Drive Linear Stages,11,7.5,9.23,1.0,9.23,7.5
2024-02-28,459605,PRO165LM-0310-ES18837-15,CMP-Direct-Drive Linear Stages,11,7.5,7.51,1.0,7.51,7.5
2024-02-28,459607,PRO165LM-0310-ES18837-25,CMP-Direct-Drive Linear Stages,11,7.5,6.05,1.0,6.05,7.5
2024-03-03,459622,PRO165LM-0310-ES18837-25,CMP-Direct-Drive Linear Stages,11,7.5,11.459999999999999,1.0,11.459999999999999,7.5
2024-03-03,459623,PRO165LM-0310-ES18837-15,CMP-Direct-Drive Linear Stages,11,7.5,11.7,1.0,11.7,7.5
2024-03-06,459627,PRO165LM-0310-ES18837-15,CMP-Direct-Drive Linear Stages,11,7.5,15.26,1.0,15.26,7.5
2024-03-06,459628,PRO165LM-0310-ES18837-25,CMP-Direct-Drive Linear Stages,11,7.5,12.030000000000001,1.0,12.030000000000001,7.5
2024-03-13,459630,PRO165LM-0310-ES18837-25,CMP-Direct-Drive Linear Stages,11,7.5,6.3500000000000005,1.0,6.3500000000000005,7.5
2024-03-13,459631,PRO165LM-0310-ES18837-15,CMP-Direct-Drive Linear Stages,11,7.5,7.2,1.0,7.2,7.5
2024-03-14,459639,PRO165LM-0310-ES18837-25,CMP-Direct-Drive Linear Stages,11,7.5,14.490000000000002,1.0,14.490000000000002,7.5
2024-03-14,459640,PRO165LM-0310-ES18837-15,CMP-Direct-Drive Linear Stages,11,7.5,7.93,1.0,7.93,7.5
2024-03-19,459649,PRO165LM-0310-ES18837-15,CMP-Direct-Drive Linear Stages,11,7.5,33.49,5.0,6.698,37.5
2024-03-24,459650,PRO165LM-0310-ES18837-25,CMP-Direct-Drive Linear Stages,11,7.5,27.860000000000003,5.0,5.572000000000001,37.5
2024-03-24,459635,PRO165LM-0310-ES18837-25,CMP-Direct-Drive Linear Stages,11,7.5,30.139999999999997,1.0,30.139999999999997,7.5
2024-03-24,459636,PRO165LM-0310-ES18837-15,CMP-Direct-Drive Linear Stages,11,7.5,21.17,1.0,21.17,7.5
2024-03-25,470360,PRO165LM-0310-ES18837-25,CMP-Direct-Drive Linear Stages,11,7.5,6.409999999999999,1.0,6.409999999999999,7.5
2024-03-25,459647,PRO165LM-0310-ES18837-25,CMP-Direct-Drive Linear Stages,11,7.5,18.709999999999997,1.0,18.709999999999997,7.5
2024-03-25,470359,PRO165LM-0310-ES18837-15,CMP-Direct-Drive Linear Stages,11,7.5,18.67,1.0,18.67,7.5
2024-03-25,459646,PRO165LM-0310-ES18837-15,CMP-Direct-Drive Linear Stages,11,7.5,13.520000000000001,1.0,13.520000000000001,7.5
2024-03-31,470370,PRO165LM-0310-ES18837-25,CMP-Direct-Drive Linear Stages,11,7.5,37.26,5.0,7.452,37.5
2024-04-09,470367,PRO165LM-0310-ES18837-15,CMP-Direct-Drive Linear Stages,11,7.5,48.66,5.0,9.732,37.5
2024-04-13,470385,PRO165LM-0310-ES18837-25,CMP-Direct-Drive Linear Stages,11,7.5,36.67999999999999,5.0,7.3359999999999985,37.5
2024-04-24,470383,PRO165LM-0310-ES18837-15,CMP-Direct-Drive Linear Stages,11,7.5,61.160000000000004,5.0,12.232000000000001,37.5
2024-04-27,470400,PRO165LM-0310-ES18837-15,CMP-Direct-Drive Linear Stages,11,7.5,50.500000000000014,5.0,10.100000000000003,37.5
2024-05-05,470402,PRO165LM-0310-ES18837-25,CMP-Direct-Drive Linear Stages,11,7.5,34.53,5.0,6.906000000000001,37.5
2024-05-15,470401,PRO165LM-0310-ES18837-15,CMP-Direct-Drive Linear Stages,11,7.5,42.77,5.0,8.554,37.5
2024-05-19,470404,PRO165LM-0310-ES18837-25,CMP-Direct-Drive Linear Stages,11,7.5,56.93000000000001,5.0,11.386000000000001,37.5
2024-06-02,470415,PRO165LM-0310-ES18837-25,CMP-Direct-Drive Linear Stages,11,7.5,34.99,5.0,6.998,37.5
2024-08-03,470428,PRO165LM-0310-ES18837-15,CMP-Direct-Drive Linear Stages,11,7.5,63.99999999999999,5.0,12.799999999999999,37.5
2024-11-24,470440,PRO165LM-0310-ES18837-15,CMP-Direct-Drive Linear Stages,11,7.5,44.28,5.0,8.856,37.5
2024-11-30,470442,PRO165LM-0310-ES18837-25,CMP-Direct-Drive Linear Stages,11,7.5,54.599999999999994,5.0,10.919999999999998,37.5
2025-01-18,470443,PRO165LM-0310-ES18837-25,CMP-Direct-Drive Linear Stages,11,7.5,51.4,5.0,10.28,37.5
2025-01-18,470441,PRO165LM-0310-ES18837-15,CMP-Direct-Drive Linear Stages,11,7.5,56.05000000000001,5.0,11.210000000000003,37.5
2025-01-26,471331,PRO165LM-0310-ES18837-15,CMP-Direct-Drive Linear Stages,11,7.5,31.939999999999998,2.0,15.969999999999999,15.0
2025-01-26,470461,PRO165LM-0310-ES18837-25,CMP-Direct-Drive Linear Stages,11,7.5,26.590000000000003,2.0,13.295000000000002,15.0
2025-02-19,507847,PRO165LM-0310-ES18837-25,CMP-Direct-Drive Linear Stages,11,7.5,59.0,5.0,11.8,37.5
2025-02-23,507839,PRO165LM-0310-ES18837-15,CMP-Direct-Drive Linear Stages,11,7.5,62.790000000000006,5.0,12.558000000000002,37.5
2025-03-08,507840,PRO165LM-0310-ES18837-15,CMP-Direct-Drive Linear Stages,11,7.5,61.50000000000001,5.0,12.3,37.5
2025-03-22,507848,PRO165LM-0310-ES18837-25,CMP-Direct-Drive Linear Stages,11,7.5,58.760000000000005,5.0,11.752,37.5
2025-03-30,507841,PRO165LM-0310-ES18837-15,CMP-Direct-Drive Linear Stages,11,7.5,71.77,5.0,14.354,37.5
2025-04-13,507850,PRO165LM-0310-ES18837-25,CMP-Direct-Drive Linear Stages,11,7.5,32.39000000000001,5.0,6.4780000000000015,37.5
2025-04-19,507849,PRO165LM-0310-ES18837-25,CMP-Direct-Drive Linear Stages,11,7.5,61.18999999999999,5.0,12.237999999999998,37.5
2025-05-01,507842,PRO165LM-0310-ES18837-15,CMP-Direct-Drive Linear Stages,11,7.5,33.5,5.0,6.7,37.5
2025-05-17,507843,PRO165LM-0310-ES18837-15,CMP-Direct-Drive Linear Stages,11,7.5,32.74,5.0,6.548,37.5
2025-05-17,507856,PRO165LM-0310-ES18837-25,CMP-Direct-Drive Linear Stages,11,7.5,44.53,5.0,8.906,37.5
2025-06-08,507845,PRO165LM-0310-ES18837-15,CMP-Direct-Drive Linear Stages,11,7.5,29.41,5.0,5.882,37.5
2025-06-08,507846,PRO165LM-0310-ES18837-15,CMP-Direct-Drive Linear Stages,11,7.5,14.81,5.0,2.962,37.5
2025-06-08,507862,PRO165LM-0310-ES18837-25,CMP-Direct-Drive Linear Stages,11,7.5,15.780000000000001,5.0,3.156,37.5
